{"cameraMode":{"drawMode":0,"name":"Shaded","section":"Shading Mode"},"sceneLighting":true,"audioPlay":false,"sceneViewState":{"showFog":true,"showMaterialUpdate":false,"showSkybox":true,"showFlares":true,"showImageEffects":true,"showParticleSystems":true},"in2DMode":false,"pivot":{"x":-33.38888931274414,"y":13.533941268920899,"z":81.7394027709961},"rotation":{"x":0.05358561873435974,"y":-0.11953772604465485,"z":0.006461320444941521,"w":0.9913616180419922},"size":248.85643005371095,"orthographic":false}