{"cameraMode":{"drawMode":0,"name":"Shaded","section":"Shading Mode"},"sceneLighting":true,"audioPlay":false,"sceneViewState":{"showFog":true,"showMaterialUpdate":false,"showSkybox":true,"showFlares":true,"showImageEffects":true,"showParticleSystems":true},"in2DMode":false,"pivot":{"x":2.7548880577087404,"y":3.0721302032470705,"z":-7.195324420928955},"rotation":{"x":-0.06262733787298203,"y":0.9226391315460205,"z":-0.16961777210235597,"w":-0.3406623601913452},"size":3.6073946952819826,"orthographic":false}