{"cameraMode":{"drawMode":0,"name":"Shaded","section":"Shading Mode"},"sceneLighting":true,"audioPlay":false,"sceneViewState":{"showFog":true,"showMaterialUpdate":false,"showSkybox":true,"showFlares":true,"showImageEffects":true,"showParticleSystems":true},"in2DMode":false,"pivot":{"x":9.453817367553711,"y":30.531539916992189,"z":-81.41348266601563},"rotation":{"x":-0.33292457461357119,"y":0.08386164903640747,"z":-0.029741430655121805,"w":-0.938746452331543},"size":51.86079025268555,"orthographic":false}